Designator,Quantity,Value,Footprint,Package,MPN,DNP,Mount_Type,Description,Part #,LCSC Part,Vol,Voltage,Voltaje,Sim.Pins,MF,MAXIMUM_PACKAGE_HEIGHT,Price,Check_prices,STANDARD,PARTREV,SnapEDA_Link,MP,Description_1,Availability,MANUFACTURER,Sim.Device
"C1, C11, C13, C20, C3",5,100nF,C_0603_1608Metric,,,,smt,"SMD 0603 MLCC capacitor, Alternate KiCad Library",CL10B104KA8NNNC,C1590,[C11]15V; [C20]50V; [C3]10V,10V,,,,,,,,,,,,,,
C10,1,10nF,C_0603_1608Metric,,,,smt,"SMD 0603 MLCC capacitor, Alternate KiCad Library",CC0603KRX7R8BB103,C327204,,10V,,,,,,,,,,,,,,
"C12, C15, C16",3,1uF,C_0603_1608Metric,,,,smt,"SMD 0603 MLCC capacitor, Alternate KiCad Library",CL10B105KA8NNNC,C29936,15V,,,,,,,,,,,,,,,
"C14, C5",2,100nF,C_0805_2012Metric,,,,smt,"SMD 0805 MLCC capacitor, Alternate KiCad Library",CC0805KRX7R8BB104,C519981,,,,,,,,,,,,,,,,
C17,1,220pF,C_0603_1608Metric,,,,smt,"SMD 0603 MLCC capacitor, Alternate KiCad Library",CC0603KRX7R8BB221,C519411,24V,,,,,,,,,,,,,,,
"C18, C19",2,1uF,CP_Elec_4x5.4,,,,smt,Polarized capacitor,RVT1H1R0M0405,C72491,,,,,,,,,,,,,,,,
C2,1,2.2uF,C_0603_1608Metric,,,,smt,"SMD 0603 MLCC capacitor, Alternate KiCad Library",CL10A225KO8NNNC,C23630,,,,,,,,,,,,,,,,
"C4, C9",2,10uF,CP_Elec_4x5.4,,,,smt,Polarized capacitor,RVT1V100M0405,C72485,,,,,,,,,,,,,,,,
C4,1,10uF,C_1206_3216Metric,,,,smt,"SMD 1206 MLCC capacitor, Alternate KiCad Library",,,,,50V,,,,,,,,,,,,,
C6,1,100pF,C_0805_2012Metric,,,,smt,"SMD 0805 MLCC capacitor, Alternate KiCad Library", CC0805KRX7R8BB101,C1854109,,,,,,,,,,,,,,,,
"C7, C8",2,22uF,C_0603_1608Metric,,,,smt,"SMD 0603 MLCC capacitor, Alternate KiCad Library",CL10A226MP8NUNE,C86295,,,10V,,,,,,,,,,,,,
D1,1,SS12,D_SMA,,,,smt,"SMA Schottky diode, 20V, 1A, Alternate KiCAD Library",SS12,C727049,,,,,,,,,,,,,,,,
"D10, D13, D15, D23, D25, D28",6,PMEG4010CEH,D_SOD-123F,,,,smt,"SOD-123F Schottky diode, 40V, 1A, Alternate KiCAD Library","PMEG4010CEH,115",C193342,,,,,,,,,,,,,,,,
"D11, D12, D14, D16, D20, D21, D22, D24, D26, D27, D29, D30, D31, D5, D6",15,LED,LED_0603_1608Metric,,,,smt,Light emitting diode,[D6]TJ-S1608CY6T5ALC7K-A5; [D5]NCD0603R1,[D6]C440520; [D5]C84263,,,,1=K 2=A,,,,,,,,,,,,
"D17, D18, D32, D33, D34, D35",6,SMF5.0A,SODFL3718X102N,SOD-123W-2 Taiwan Semiconductor,,,smt,,SMF5.0CA,C19077498,,,,,Taiwan Semiconductor,1.02 mm,None,https://www.snapeda.com/parts/SMF5.0A/taiwan/view-part/?ref=eda,IPC-7351B,D2103,https://www.snapeda.com/parts/SMF5.0A/taiwan/view-part/?ref=snap,SMF5.0A,"200W, 6.7V, 5%, Unidirectional, TVS",In Stock,Taiwan Semiconductor,
D19,1,SMAJ12A,D_SMA,,,,smt,"SMA Unidirectional TVS diode, 12V, 400W, Alternate KiCAD Library",SMAJ12A-13-F,C134947,,,,,,,,,,,,,,,,
"D2, D9",2,SM712,SOT-23,,,,smt,"SOT-23 Dual bidirectional TVS diode, 12V/7V, 600W, Alternate KiCAD Library",SM712-02HTG,C172881,,,,,,,,,,,,,,,,
"D3, D37, D4",3,SMAJ33A,D_SMA,,,,smt,"SMA Unidirectional TVS diode, 33V, 400W, Alternate KiCAD Library",SMAJ33A,C148231,,,,,,,,,,,,,,,,
D36,1,BZT52C12_C2891780,SOD-123_L2.7-W1.6-LS3.7-RD-1,,,,smt,,BZT52C12,C2891780,,,,,,,,,,,,,,,,
D38,1,MRA4007T3G,D_SMA,,,,smt,"1000V, 1A, General Purpose Rectifier Diode, SMA(DO-214AC)",MRA4007T3G,C47921,,,,1=K 2=A,,,,,,,,,,,,D
D7,1,SMAJ5.0A,D_SMA,,,,smt,"SMA Unidirectional TVS diode, 5V, 400W, Alternate KiCAD Library",SMAJ5.0A-13-F,C87074,,,,,,,,,,,,,,,,
D8,1,SMAJ12CA,D_SMA_TVS,,,,smt,"SMA Bidirectional TVS Diode, 12V, 400W, Alternate KiCAD Library",SMAJ12CA-13-F,C134947,,,,,,,,,,,,,,,,
F1,1,BSMD1812-150-33V,F1812,,,,smt,,BSMD1812-150-33V,C883154,,,,,,,,,,,,,,,,
F3,1,Resettable fuse,Reseatteble Fuse,,,,smt,,BSMD1812-200-33V,C7433877,,,,,,,,,,,,,,,,
J1,1,Conn_02x02_Counter_Clockwise,PinSocket_2x02_P2.54mm_Vertical,,,,tht,"Generic connector, double row, 02x02, counter clockwise pin numbering scheme (similar to DIP package numbering), script generated (kicad-library-utils/schlib/autogen/connector/)",2.54-2*2,C2977590,,,,,,,,,,,,,,,,
J10,1,FUENTE IN,"TerminalBlock_Phoenix_MKDS-1,5-2-5.08_1x02_P5.08mm_Horizontal",,,,tht,"Generic screw terminal, single row, 01x02, script generated (kicad-library-utils/schlib/autogen/connector/)",DB128V-5.08-2P-GN-S,C2915639,,,,,,,,,,,,,,,,
J11,1,FUENTE EX,"TerminalBlock_Phoenix_MKDS-1,5-2-5.08_1x02_P5.08mm_Horizontal",,,,tht,"Generic screw terminal, single row, 01x02, script generated (kicad-library-utils/schlib/autogen/connector/)",DB128V-5.08-2P-GN-S,C2915639,,,,,,,,,,,,,,,,
J12,1,ANALOG_IN,"TerminalBlock_Phoenix_MKDS-1,5-4-5.08_1x04_P5.08mm_Horizontal",,,,tht,"Generic screw terminal, single row, 01x04, script generated (kicad-library-utils/schlib/autogen/connector/)",DB128V-5.08-4P-GN-S,C2915641,,,,,,,,,,,,,,,,
J13,1,RUN/STOP,"TerminalBlock_Phoenix_MKDS-1,5-2-5.08_1x02_P5.08mm_Horizontal",,,,tht,"Generic screw terminal, single row, 01x02, script generated (kicad-library-utils/schlib/autogen/connector/)",DB128V-5.08-2P-GN-S,C2915639,,,,,,,,,,,,,,,,
J14,1,RELAY,"TerminalBlock_Phoenix_MKDS-1,5-6-5.08_1x06_P5.08mm_Horizontal",,,,tht,"Generic screw terminal, single row, 01x06, script generated (kicad-library-utils/schlib/autogen/connector/)",DB128V-5.08-6P-GN-S,C2915642,,,,,,,,,,,,,,,,
J2,1,Auxiliares,PinHeader_1x02_P2.54mm_Vertical,,,,tht,"Generic connector, single row, 01x02, script generated",PZ254V-11-02P,C492401,,,,,,,,,,,,,,,,
J3,1,NPN_IN,"TerminalBlock_Phoenix_MKDS-1,5-2-5.08_1x02_P5.08mm_Horizontal",,,,tht,"Generic screw terminal, single row, 01x02, script generated (kicad-library-utils/schlib/autogen/connector/)",DB128V-5.08-2P-GN-S,C2915639,,,,,,,,,,,,,,,,
J4,1,RS485,"TerminalBlock_Phoenix_MKDS-1,5-3-5.08_1x03_P5.08mm_Horizontal",,,,tht,"Generic screw terminal, single row, 01x03, script generated (kicad-library-utils/schlib/autogen/connector/)",DB128V-5.08-3P-GN-S,C2915640,,,,,,,,,,,,,,,,
J5,1,PNP_IN,"TerminalBlock_Phoenix_MKDS-1,5-2-5.08_1x02_P5.08mm_Horizontal",,,,tht,"Generic screw terminal, single row, 01x02, script generated (kicad-library-utils/schlib/autogen/connector/)",DB128V-5.08-2P-GN-S,C2915639,,,,,,,,,,,,,,,,
J6,1,D_IN,"TerminalBlock_Phoenix_MKDS-1,5-2-5.08_1x02_P5.08mm_Horizontal",,,,tht,"Generic screw terminal, single row, 01x02, script generated (kicad-library-utils/schlib/autogen/connector/)",DB128V-5.08-2P-GN-S,C2915639,,,,,,,,,,,,,,,,
J7,1,NPN_OUT,"TerminalBlock_Phoenix_MKDS-1,5-2-5.08_1x02_P5.08mm_Horizontal",,,,tht,"Generic screw terminal, single row, 01x02, script generated (kicad-library-utils/schlib/autogen/connector/)",DB128V-5.08-2P-GN-S,C2915639,,,,,,,,,,,,,,,,
J8,1,PNP_OUT,"TerminalBlock_Phoenix_MKDS-1,5-2-5.08_1x02_P5.08mm_Horizontal",,,,tht,"Generic screw terminal, single row, 01x02, script generated (kicad-library-utils/schlib/autogen/connector/)",DB128V-5.08-2P-GN-S,C2915639,,,,,,,,,,,,,,,,
J9,1,ANALOG_OUT,"TerminalBlock_Phoenix_MKDS-1,5-3-5.08_1x03_P5.08mm_Horizontal",,,,tht,"Generic screw terminal, single row, 01x03, script generated (kicad-library-utils/schlib/autogen/connector/)",DB128V-5.08-3P-GN-S,C2915640,,,,,,,,,,,,,,,,
"K1, K2",2,SRA-24VDC-CL,RELAY-TH_SRA-X-CX,,,,tht,,SRA-24VDC-CL,C127865,,,,,,,,,,,,,,,,
L1,1,CXP0420-6R8M-AG(6.8UH),IND-SMD_L4.4-W4.2_CXP0420,,,,tht,,CXP0420-6R8M-AG(6.8UH),C7461340,,,,,,,,,,,,,,,,
LED2,1,LiteOn_LTST-C19HE1WT,LED_LiteOn_LTST-C19HE1WT,,,,smt,"RGB LED, PLCC-4, 1.6x1.6mm, common anode, Alternate KiCad Library",LTST-C19HE1WT,C458749,,,,,,,,,,,,,,,,
"Q1, Q3",2,IRLML0040,SOT-23,,,,smt,"SOT-23 N-MOSFET enchancement mode transistor, 40V, 3.6A, 1.3W, Alternate KiCAD Library",IRLML0040,C5364305,,,,,,,,,,,,,,,,
"Q2, Q4",2,AO3407A,SOT-23,,,,smt,"SOT-23 P-MOSFET enchancement mode transistor, 30V, 4.3A, 1.4W, Alternate KiCAD Library",AO3407A,C15155,,,,,,,,,,,,,,,,
Q5,1,IRLML6402TRPBF-JSM,SOT-23-3_L2.9-W1.3-P1.90-LS2.4-BR,,,,tht,,IRLML6402TRPBF-JSM,C18190991,,,,,,,,,,,,,,,,
"R1, R2, R6, R7",4,33,R_0603_1608Metric,,,,smt,"SMD 0603 Chip Resistor, US Symbol, Alternate KiCad Library",RC0603FR-0733RL,C108661,,,,,,,,,,,,,,,,
R10,1,62k,R_0603_1608Metric,,,,smt,"SMD 0603 Chip Resistor, US Symbol, Alternate KiCad Library",RT0603BRD0762KL,C136961,,,,,,,,,,,,,,,,
"R11, R17, R21, R22, R35, R43, R44",7,100,R_0603_1608Metric,,,,smt,"SMD 0603 Chip Resistor, US Symbol, Alternate KiCad Library",RC0603FR-07100RL,C105588,,,,,,,,,,,,,,,,
R12,1,120,R_0603_1608Metric,,,,smt,"SMD 0603 Chip Resistor, US Symbol, Alternate KiCad Library",RC0603FR-07120RL,C114640,,,,,,,,,,,,,,,,
"R13, R15, R39, R41",4,2k,R_0603_1608Metric,,,,smt,"SMD 0603 Chip Resistor, US Symbol, Alternate KiCad Library",RC0603FR-072KL,C105576,,,,,,,,,,,,,,,,
"R14, R16, R34, R40, R42, R48, R50",7,140,R_0603_1608Metric,,,,smt,"SMD 0603 Chip Resistor, US Symbol, Alternate KiCad Library",RC0603FR-07140RL,C245910,,,,,,,,,,,,,,,,
"R18, R36, R57, R59, R61",5,22k,R_0603_1608Metric,,,,smt,"SMD 0603 Chip Resistor, US Symbol, Alternate KiCad Library",RC0603FR-0722KL,C114065,,,,,,,,,,,,,,,,
"R19, R37",2,30k,R_0603_1608Metric,,,,smt,"SMD 0603 Chip Resistor, US Symbol, Alternate KiCad Library",RC0603FR-0730KL,C100001,,,,,,,,,,,,,,,,
"R20, R24, R31, R32, R38, R46, R8",7,1.5k,R_0603_1608Metric,,,,smt,"SMD 0603 Chip Resistor, US Symbol, Alternate KiCad Library",RC0603FR-071K5L,C114668,,,,,,,,,,,,,,,,
"R23, R45, R51, R63",4,100k,R_0603_1608Metric,,,,smt,"SMD 0603 Chip Resistor, US Symbol, Alternate KiCad Library",RC0603FR-07100KL,C14675,,,,,,,,,,,,,,,,
"R25, R33, R47, R49",4,1k,R_0603_1608Metric,,,,smt,"SMD 0603 Chip Resistor, US Symbol, Alternate KiCad Library",RC0603FR-071KL,C22548,,,,,,,,,,,,,,,,
R26,1,147,R_0805_2012Metric,,,,smt,"SMD 0805 Chip Resistor, US Symbol, Alternate KiCad Library",AC0805FR-07147RL,C228308,,,,,,,,,,,,,,,,
"R27, R28, R58, R60",4,4K7,R_0603_1608Metric,,,,smt,"SMD 0603 Chip Resistor, US Symbol, Alternate KiCad Library",RC0603FR-074K7L,C99782,,,,,,,,,,,,,,,,
R29,1,0,R_0603_1608Metric,,,,smt,"SMD 0603 Chip Resistor, US Symbol, Alternate KiCad Library",RC0603FR-070RL,C100044,,,,,,,,,,,,,,,,
"R3, R4, R5",3,20,R_0603_1608Metric,,,,smt,"SMD 0603 Chip Resistor, US Symbol, Alternate KiCad Library",RC0603FR-0720RL,C125758,,,,,,,,,,,,,,,,
R30,1,10K,R_0603_1608Metric,,,,smt,"SMD 0603 Chip Resistor, US Symbol, Alternate KiCad Library",RC0603FR-0710RL,C109318,,,,,,,,,,,,,,,,
"R52, R54, R55, R56",4,10k,R_0603_1608Metric,,,,smt,"SMD 0603 Chip Resistor, US Symbol, Alternate KiCad Library",RC0603FR-0710RL,C109318,,,,,,,,,,,,,,,,
R53,1,24k,R_0603_1608Metric,,,,smt,"SMD 0603 Chip Resistor, US Symbol, Alternate KiCad Library",RC0603FR-0724KL,C137760,,,,,,,,,,,,,,,,
R62,1,2.5k,R_0603_1608Metric,,,,smt,"SMD 0603 Chip Resistor, US Symbol, Alternate KiCad Library",RC0603FR-0724RL,C137758,,,,,,,,,,,,,,,,
R64,1,15,R_0805_2012Metric,,,,smt,"SMD 0805 Chip Resistor, US Symbol, Alternate KiCad Library",RC0805FR-0715RL,C137590,,,,,,,,,,,,,,,,
R9,1,196k,R_0603_1608Metric,,,,smt,"SMD 0603 Chip Resistor, US Symbol, Alternate KiCad Library",FRC0603F1963TS,C2974032,,,,,,,,,,,,,,,,
"SW3, SW4",2,SW_Push,SW_SPST_PTS810,,,,smt,"Push button switch, generic, two pins",SKRPACE010,C139797,,,,,,,,,,,,,,,,
"U10, U11, U14, U15, U16, U17, U18, U19, U20, U8, U9",11,LTV-357T,SO-4_4.4x3.6mm_P2.54mm,,,,smt,"DC Optocoupler, Vce 35V, CTR 50%, SO-4",LTV-357T-C,C119091,,,,,,,,,,,,,,,,
U12,1,GP8201S-TC50-EW,ESOP-8_L4.9-W3.9-P1.27-LS6.0-BL-EP,,,,smt,,GP8201S-TC50-EW,C5240058,,,,,,,,,,,,,,,,
U13,1,LK1802,SOT-23-6_L2.9-W1.6-P0.95-LS2.8-BR,,,,smt,,LK1802,C2984831,,,,,,,,,,,,,,,,
U21,1,GP8303-TC50-EW,ESOP-10_L4.9-W3.9-P1.00-LS6.1-BL-EP,,,,smt,,GP8303-TC50-EW,C3445809,,,,,,,,,,,,,,,,
U5,1,ESP32-S3-WROOM-1,ESP32-S3-WROOM-1U,,,,smt,"2.4 GHz WiFi (802.11 b/g/n) and Bluetooth ® 5 (LE) module Built around ESP32S3 series of SoCs, Xtensa ® dualcore 32bit LX7 microprocessor Flash up to 16 MB, PSRAM up to 8 MB 36 GPIOs, rich set of peripherals Onboard PCB antenna",ESP32-S3-WROOM-1U-N16R8,C3013946,,,,,,,,,,,,,,,,
U6,1,AP63200WU,TSOT-23-6,,,,smt,"2A, 500kHz Buck DC/DC Converter, adjustable output voltage, TSOT-23-6",AP63200WU-7,C2071868,,,,,,,,,,,,,,,,
U7,1,RSM3485ECHT_C2992406,COMM-TH_8P-L19.5-W16.5-P2.54-BL,,,,tht,,RSM3485ECHT,C2992406,,,,,,,,,,,,,,,,
